dataset,n_samples,n_features,n_clusters,sklearn_time,sklearn_ari,sklearn_nmi,sklearn_silhouette,dpfknn_time,dpfknn_ari,dpfknn_nmi,dpfknn_silhouette,dpfknn_dp_time,dpfknn_dp_ari,dpfknn_dp_nmi,dpfknn_dp_silhouette
Iris,150,4,3,0.010008478164672851,0.6201351808870379,0.659486892724918,0.4599482392051863,0.006255388259887695,0.5091117442027024,0.5748508203355167,0.42291060203017744,0.011311721801757813,0.374489774829236,0.45915518622216644,0.38844528004346945
Wine,178,13,3,0.007435941696166992,0.8974949815093207,0.8758935341223069,0.2848589191898987,0.006011676788330078,0.3218655588722124,0.3113282949965765,0.16274647476565013,0.01181621551513672,0.51015101891378,0.5347202860893356,0.20508758351042689
Breast Cancer,569,30,2,0.04531111717224121,0.6536246043910179,0.5324078598532422,0.34338224069077816,0.010036993026733398,0.6209758138074809,0.5014871930638052,0.31618702753223493,0.018976783752441405,0.08115432638980113,0.05117599204763494,0.10972911552595913
"Synthetic (1000 samples, 10D)",1000,10,5,0.04057536125183105,1.0,1.0,0.5869831217589353,0.014273500442504883,0.5219574639898907,0.6743189744985343,0.16138275741154393,0.020383214950561522,0.5731149724083875,0.6679214817143901,0.18994568129080489
